TIME;IPSRC;IPDST;FLAGS;SEQ;ACK;WIN;OPTIONS;LENGTH
11:42:04.766656;BP-Linux8.ssh;192.168.190.130.50019:;[P.],;2243505564:2243505672,;1972915080,;312,;[nop,nop,TS;108
11:42:04.766694;BP-Linux8.ssh;192.168.190.130.50019:;[P.],;108:144,;1,;312,;[nop,nop,TS;36
11:42:04.766723;BP-Linux8.ssh;192.168.190.130.50019:;[P.],;144:252,;1,;312,;[nop,nop,TS;108
11:42:04.766744;BP-Linux8.ssh;192.168.190.130.50019:;[P.],;252:288,;1,;312,;[nop,nop,TS;36
11:42:04.785366;192.168.190.130.50019;BP-Linux8.ssh:;[.],;Vide;108,;7319,;[nop,nop,TS;0
11:42:04.785384;192.168.190.130.50019;BP-Linux8.ssh:;[.],;Vide;144,;7318,;[nop,nop,TS;0
11:42:04.785406;192.168.190.130.50019;BP-Linux8.ssh:;[.],;Vide;252,;7316,;[nop,nop,TS;0
11:42:04.785454;192.168.190.130.50019;BP-Linux8.ssh:;[.],;Vide;288,;7320,;[nop,nop,TS;0
11:42:05.768334;BP-Linux8.58466;ns1.lan.rt.domain:;Vide;Vide;Vide;Vide;Vide;Vide
11:42:05.769075;ns1.lan.rt.domain;BP-Linux8.58466:;Vide;Vide;Vide;Vide;Vide;Vide
11:42:06.669393;192.168.190.130.50245;BP-Linux8.ssh:;[P.],;1601828178:1601828214,;1851233244,;2048,;[nop,nop,TS;36
11:42:06.669906;BP-Linux8.ssh;192.168.190.130.50245:;[P.],;1:37,;36,;291,;[nop,nop,TS;36
11:42:06.679262;BP-Linux8.53220;ns1.lan.rt.domain:;Vide;Vide;Vide;Vide;Vide;Vide
11:42:06.679971;ns1.lan.rt.domain;BP-Linux8.53220:;Vide;Vide;Vide;Vide;Vide;Vide
11:42:06.681188;BP-Linux8.ssh;192.168.190.130.50245:;[P.],;37:153,;36,;291,;[nop,nop,TS;116
11:42:06.681222;BP-Linux8.ssh;192.168.190.130.50245:;[P.],;153:189,;36,;291,;[nop,nop,TS;36
11:42:06.681248;190-0-175-100.gba.solunet.com.ar.2465;184.107.43.74.http:;[S],;326991629:326991749,;Vide;512,;Vide;120:
11:42:06.681274;190-0-175-100.gba.solunet.com.ar.2466;184.107.43.74.http:;[S],;920517760:920517880,;Vide;512,;Vide;120:
11:42:06.681294;190-0-175-100.gba.solunet.com.ar.2467;184.107.43.74.http:;[S],;556803824:556803944,;Vide;512,;Vide;120:
11:42:06.681312;190-0-175-100.gba.solunet.com.ar.2468;184.107.43.74.http:;[S],;1921632185:1921632305,;Vide;512,;Vide;120:
11:42:06.681328;190-0-175-100.gba.solunet.com.ar.2469;184.107.43.74.http:;[S],;1170972654:1170972774,;Vide;512,;Vide;120:
11:42:06.681345;190-0-175-100.gba.solunet.com.ar.2470;184.107.43.74.http:;[S],;754504426:754504546,;Vide;512,;Vide;120:
11:42:06.681362;190-0-175-100.gba.solunet.com.ar.2471;184.107.43.74.http:;[S],;669863147:669863267,;Vide;512,;Vide;120:
11:42:06.681379;190-0-175-100.gba.solunet.com.ar.2472;184.107.43.74.http:;[S],;1036593434:1036593554,;Vide;512,;Vide;120:
11:42:06.681396;190-0-175-100.gba.solunet.com.ar.2473;184.107.43.74.http:;[S],;473640609:473640729,;Vide;512,;Vide;120:
11:42:06.681413;190-0-175-100.gba.solunet.com.ar.2474;184.107.43.74.http:;[S],;294639309:294639429,;Vide;512,;Vide;120:
11:42:06.681430;190-0-175-100.gba.solunet.com.ar.2475;184.107.43.74.http:;[S],;2003734750:2003734870,;Vide;512,;Vide;120:
11:42:06.681446;190-0-175-100.gba.solunet.com.ar.2476;184.107.43.74.http:;[S],;943277646:943277766,;Vide;512,;Vide;120:
11:42:06.681463;190-0-175-100.gba.solunet.com.ar.2477;184.107.43.74.http:;[S],;612921749:612921869,;Vide;512,;Vide;120:
11:42:06.681480;190-0-175-100.gba.solunet.com.ar.2478;184.107.43.74.http:;[S],;1079269685:1079269805,;Vide;512,;Vide;120:
11:42:06.681497;190-0-175-100.gba.solunet.com.ar.2479;184.107.43.74.http:;[S],;1427118982:1427119102,;Vide;512,;Vide;120:
11:42:06.681514;190-0-175-100.gba.solunet.com.ar.2480;184.107.43.74.http:;[S],;1481846896:1481847016,;Vide;512,;Vide;120:
11:42:06.681531;190-0-175-100.gba.solunet.com.ar.2481;184.107.43.74.http:;[S],;807245684:807245804,;Vide;512,;Vide;120:
11:42:06.681548;190-0-175-100.gba.solunet.com.ar.2482;184.107.43.74.http:;[S],;29032482:29032602,;Vide;512,;Vide;120:
11:42:06.681564;190-0-175-100.gba.solunet.com.ar.2483;184.107.43.74.http:;[S],;2121432424:2121432544,;Vide;512,;Vide;120:
11:42:06.681581;190-0-175-100.gba.solunet.com.ar.2484;184.107.43.74.http:;[S],;266983944:266984064,;Vide;512,;Vide;120:
11:42:06.681597;190-0-175-100.gba.solunet.com.ar.2485;184.107.43.74.http:;[S],;780253659:780253779,;Vide;512,;Vide;120:
11:42:06.681614;190-0-175-100.gba.solunet.com.ar.2486;184.107.43.74.http:;[S],;426927737:426927857,;Vide;512,;Vide;120:
11:42:06.681630;190-0-175-100.gba.solunet.com.ar.2487;184.107.43.74.http:;[S],;2059846495:2059846615,;Vide;512,;Vide;120:
11:42:06.681647;190-0-175-100.gba.solunet.com.ar.2488;184.107.43.74.http:;[S],;485695892:485696012,;Vide;512,;Vide;120:
11:42:06.681664;190-0-175-100.gba.solunet.com.ar.2489;184.107.43.74.http:;[S],;1506899314:1506899434,;Vide;512,;Vide;120:
11:42:06.681681;190-0-175-100.gba.solunet.com.ar.2490;184.107.43.74.http:;[S],;1974670292:1974670412,;Vide;512,;Vide;120:
11:42:06.681697;190-0-175-100.gba.solunet.com.ar.2491;184.107.43.74.http:;[S],;984948282:984948402,;Vide;512,;Vide;120:
11:42:06.681722;190-0-175-100.gba.solunet.com.ar.2492;184.107.43.74.http:;[S],;2071134208:2071134328,;Vide;512,;Vide;120:
11:42:06.681739;190-0-175-100.gba.solunet.com.ar.2493;184.107.43.74.http:;[S],;582048290:582048410,;Vide;512,;Vide;120:
11:42:06.681756;190-0-175-100.gba.solunet.com.ar.2494;184.107.43.74.http:;[S],;1414722580:1414722700,;Vide;512,;Vide;120:
11:42:06.681773;190-0-175-100.gba.solunet.com.ar.2495;184.107.43.74.http:;[S],;1376167161:1376167281,;Vide;512,;Vide;120:
11:42:06.681789;190-0-175-100.gba.solunet.com.ar.2496;184.107.43.74.http:;[S],;793373662:793373782,;Vide;512,;Vide;120:
11:42:06.681806;190-0-175-100.gba.solunet.com.ar.2497;184.107.43.74.http:;[S],;586859843:586859963,;Vide;512,;Vide;120:
11:42:06.681823;190-0-175-100.gba.solunet.com.ar.2498;184.107.43.74.http:;[S],;1313429529:1313429649,;Vide;512,;Vide;120:
11:42:06.681839;190-0-175-100.gba.solunet.com.ar.2499;184.107.43.74.http:;[S],;599747608:599747728,;Vide;512,;Vide;120:
11:42:06.681856;190-0-175-100.gba.solunet.com.ar.2500;184.107.43.74.http:;[S],;1764270382:1764270502,;Vide;512,;Vide;120:
11:42:06.681872;190-0-175-100.gba.solunet.com.ar.2501;184.107.43.74.http:;[S],;1266534982:1266535102,;Vide;512,;Vide;120:
11:42:06.681889;190-0-175-100.gba.solunet.com.ar.2502;184.107.43.74.http:;[S],;1923888203:1923888323,;Vide;512,;Vide;120:
11:42:06.681906;190-0-175-100.gba.solunet.com.ar.2503;184.107.43.74.http:;[S],;477956184:477956304,;Vide;512,;Vide;120:
11:42:06.681924;190-0-175-100.gba.solunet.com.ar.2504;184.107.43.74.http:;[S],;1697346829:1697346949,;Vide;512,;Vide;120:
11:42:06.681941;190-0-175-100.gba.solunet.com.ar.2505;184.107.43.74.http:;[S],;1581732153:1581732273,;Vide;512,;Vide;120:
11:42:06.681958;190-0-175-100.gba.solunet.com.ar.2506;184.107.43.74.http:;[S],;2134846905:2134847025,;Vide;512,;Vide;120:
11:42:06.681975;190-0-175-100.gba.solunet.com.ar.2507;184.107.43.74.http:;[S],;5001436:5001556,;Vide;512,;Vide;120:
11:42:06.681992;190-0-175-100.gba.solunet.com.ar.2508;184.107.43.74.http:;[S],;100084791:100084911,;Vide;512,;Vide;120:
11:42:06.682008;190-0-175-100.gba.solunet.com.ar.2509;184.107.43.74.http:;[S],;1351883007:1351883127,;Vide;512,;Vide;120:
11:42:06.682025;190-0-175-100.gba.solunet.com.ar.2510;184.107.43.74.http:;[S],;892547770:892547890,;Vide;512,;Vide;120:
11:42:06.682041;190-0-175-100.gba.solunet.com.ar.2511;184.107.43.74.http:;[S],;203925976:203926096,;Vide;512,;Vide;120:
11:42:06.682058;190-0-175-100.gba.solunet.com.ar.2512;184.107.43.74.http:;[S],;93263311:93263431,;Vide;512,;Vide;120:
11:42:06.682075;190-0-175-100.gba.solunet.com.ar.2513;184.107.43.74.http:;[S],;589592255:589592375,;Vide;512,;Vide;120:
11:42:06.682092;190-0-175-100.gba.solunet.com.ar.2514;184.107.43.74.http:;[S],;1666861586:1666861706,;Vide;512,;Vide;120:
11:42:06.682108;190-0-175-100.gba.solunet.com.ar.2515;184.107.43.74.http:;[S],;1444571600:1444571720,;Vide;512,;Vide;120:
11:42:06.682125;190-0-175-100.gba.solunet.com.ar.2516;184.107.43.74.http:;[S],;702975955:702976075,;Vide;512,;Vide;120:
11:42:06.682152;190-0-175-100.gba.solunet.com.ar.2517;184.107.43.74.http:;[S],;2016486038:2016486158,;Vide;512,;Vide;120:
11:42:06.682172;190-0-175-100.gba.solunet.com.ar.2518;184.107.43.74.http:;[S],;1002497398:1002497518,;Vide;512,;Vide;120:
11:42:06.682191;190-0-175-100.gba.solunet.com.ar.2519;184.107.43.74.http:;[S],;294189577:294189697,;Vide;512,;Vide;120:
11:42:06.682210;190-0-175-100.gba.solunet.com.ar.2520;184.107.43.74.http:;[S],;1398461889:1398462009,;Vide;512,;Vide;120:
11:42:06.682227;190-0-175-100.gba.solunet.com.ar.2521;184.107.43.74.http:;[S],;1995017329:1995017449,;Vide;512,;Vide;120:
11:42:06.682243;190-0-175-100.gba.solunet.com.ar.2522;184.107.43.74.http:;[S],;921320533:921320653,;Vide;512,;Vide;120:
11:42:06.682259;190-0-175-100.gba.solunet.com.ar.2523;184.107.43.74.http:;[S],;248505708:248505828,;Vide;512,;Vide;120:
11:42:06.682276;190-0-175-100.gba.solunet.com.ar.2524;184.107.43.74.http:;[S],;558621145:558621265,;Vide;512,;Vide;120:
11:42:06.682292;190-0-175-100.gba.solunet.com.ar.2525;184.107.43.74.http:;[S],;1118905776:1118905896,;Vide;512,;Vide;120:
11:42:06.682308;190-0-175-100.gba.solunet.com.ar.2526;184.107.43.74.http:;[S],;1158043116:1158043236,;Vide;512,;Vide;120:
11:42:06.682325;190-0-175-100.gba.solunet.com.ar.2527;184.107.43.74.http:;[S],;1469406826:1469406946,;Vide;512,;Vide;120:
11:42:06.682341;190-0-175-100.gba.solunet.com.ar.2528;184.107.43.74.http:;[S],;492373102:492373222,;Vide;512,;Vide;120:
11:42:06.682357;190-0-175-100.gba.solunet.com.ar.2529;184.107.43.74.http:;[S],;1687855121:1687855241,;Vide;512,;Vide;120:
11:42:06.682374;190-0-175-100.gba.solunet.com.ar.2530;184.107.43.74.http:;[S],;1360633195:1360633315,;Vide;512,;Vide;120:
11:42:06.682390;190-0-175-100.gba.solunet.com.ar.2531;184.107.43.74.http:;[S],;1274977706:1274977826,;Vide;512,;Vide;120:
11:42:06.682407;190-0-175-100.gba.solunet.com.ar.2532;184.107.43.74.http:;[S],;549939990:549940110,;Vide;512,;Vide;120:
11:42:06.682423;190-0-175-100.gba.solunet.com.ar.2533;184.107.43.74.http:;[S],;1109408249:1109408369,;Vide;512,;Vide;120:
11:42:06.682439;190-0-175-100.gba.solunet.com.ar.2534;184.107.43.74.http:;[S],;1283855019:1283855139,;Vide;512,;Vide;120:
11:42:06.682455;190-0-175-100.gba.solunet.com.ar.2535;184.107.43.74.http:;[S],;623143483:623143603,;Vide;512,;Vide;120:
11:42:06.682472;190-0-175-100.gba.solunet.com.ar.2536;184.107.43.74.http:;[S],;709005792:709005912,;Vide;512,;Vide;120:
11:42:06.682488;190-0-175-100.gba.solunet.com.ar.2537;184.107.43.74.http:;[S],;1528805205:1528805325,;Vide;512,;Vide;120:
11:42:06.682504;190-0-175-100.gba.solunet.com.ar.2538;184.107.43.74.http:;[S],;940059508:940059628,;Vide;512,;Vide;120:
11:42:06.682521;190-0-175-100.gba.solunet.com.ar.2539;184.107.43.74.http:;[S],;1190337142:1190337262,;Vide;512,;Vide;120:
11:42:06.682537;190-0-175-100.gba.solunet.com.ar.2540;184.107.43.74.http:;[S],;1484037464:1484037584,;Vide;512,;Vide;120:
11:42:06.682553;190-0-175-100.gba.solunet.com.ar.2541;184.107.43.74.http:;[S],;566224598:566224718,;Vide;512,;Vide;120:
11:42:06.682570;190-0-175-100.gba.solunet.com.ar.2542;184.107.43.74.http:;[S],;788308167:788308287,;Vide;512,;Vide;120:
11:42:06.682586;190-0-175-100.gba.solunet.com.ar.2543;184.107.43.74.http:;[S],;96067834:96067954,;Vide;512,;Vide;120:
11:42:06.682602;190-0-175-100.gba.solunet.com.ar.2544;184.107.43.74.http:;[S],;1226579504:1226579624,;Vide;512,;Vide;120:
11:42:06.682619;190-0-175-100.gba.solunet.com.ar.2545;184.107.43.74.http:;[S],;1551737466:1551737586,;Vide;512,;Vide;120:
11:42:06.682635;190-0-175-100.gba.solunet.com.ar.2546;184.107.43.74.http:;[S],;368629672:368629792,;Vide;512,;Vide;120:
11:42:06.682652;190-0-175-100.gba.solunet.com.ar.2547;184.107.43.74.http:;[S],;527715727:527715847,;Vide;512,;Vide;120:
11:42:06.682668;190-0-175-100.gba.solunet.com.ar.2548;184.107.43.74.http:;[S],;1897998019:1897998139,;Vide;512,;Vide;120:
11:42:06.682684;190-0-175-100.gba.solunet.com.ar.2549;184.107.43.74.http:;[S],;1187006652:1187006772,;Vide;512,;Vide;120:
11:42:06.682700;190-0-175-100.gba.solunet.com.ar.2550;184.107.43.74.http:;[S],;836414851:836414971,;Vide;512,;Vide;120:
11:42:06.682717;190-0-175-100.gba.solunet.com.ar.2551;184.107.43.74.http:;[S],;97200857:97200977,;Vide;512,;Vide;120:
11:42:06.682733;190-0-175-100.gba.solunet.com.ar.2552;184.107.43.74.http:;[S],;964382000:964382120,;Vide;512,;Vide;120:
11:42:06.682749;190-0-175-100.gba.solunet.com.ar.2553;184.107.43.74.http:;[S],;64311516:64311636,;Vide;512,;Vide;120:
11:42:06.682765;190-0-175-100.gba.solunet.com.ar.2554;184.107.43.74.http:;[S],;1940462409:1940462529,;Vide;512,;Vide;120:
11:42:06.682782;190-0-175-100.gba.solunet.com.ar.2555;184.107.43.74.http:;[S],;709004881:709005001,;Vide;512,;Vide;120:
11:42:06.682798;190-0-175-100.gba.solunet.com.ar.2556;184.107.43.74.http:;[S],;1783812004:1783812124,;Vide;512,;Vide;120:
11:42:06.682814;190-0-175-100.gba.solunet.com.ar.2557;184.107.43.74.http:;[S],;2027959598:2027959718,;Vide;512,;Vide;120:
11:42:06.682832;190-0-175-100.gba.solunet.com.ar.2558;184.107.43.74.http:;[S],;763370841:763370961,;Vide;512,;Vide;120:
11:42:06.682848;190-0-175-100.gba.solunet.com.ar.2559;184.107.43.74.http:;[S],;629902483:629902603,;Vide;512,;Vide;120:
11:42:06.682865;190-0-175-100.gba.solunet.com.ar.2560;184.107.43.74.http:;[S],;1167925997:1167926117,;Vide;512,;Vide;120:
11:42:06.682881;190-0-175-100.gba.solunet.com.ar.2561;184.107.43.74.http:;[S],;1590590930:1590591050,;Vide;512,;Vide;120:
11:42:06.682898;190-0-175-100.gba.solunet.com.ar.2562;184.107.43.74.http:;[S],;1025391341:1025391461,;Vide;512,;Vide;120:
11:42:06.682915;190-0-175-100.gba.solunet.com.ar.2563;184.107.43.74.http:;[S],;22267219:22267339,;Vide;512,;Vide;120:
11:42:06.682931;190-0-175-100.gba.solunet.com.ar.2564;184.107.43.74.http:;[S],;1838110461:1838110581,;Vide;512,;Vide;120:
11:42:06.682947;190-0-175-100.gba.solunet.com.ar.2565;184.107.43.74.http:;[S],;1314325144:1314325264,;Vide;512,;Vide;120:
11:42:06.682964;190-0-175-100.gba.solunet.com.ar.2566;184.107.43.74.http:;[S],;1221538397:1221538517,;Vide;512,;Vide;120:
11:42:06.682980;190-0-175-100.gba.solunet.com.ar.2567;184.107.43.74.http:;[S],;121272366:121272486,;Vide;512,;Vide;120:
11:42:06.682997;190-0-175-100.gba.solunet.com.ar.2568;184.107.43.74.http:;[S],;1689815904:1689816024,;Vide;512,;Vide;120:
11:42:06.683013;190-0-175-100.gba.solunet.com.ar.2569;184.107.43.74.http:;[S],;424777574:424777694,;Vide;512,;Vide;120:
11:42:06.683038;190-0-175-100.gba.solunet.com.ar.2570;184.107.43.74.http:;[S],;1811461816:1811461936,;Vide;512,;Vide;120:
11:42:06.683058;190-0-175-100.gba.solunet.com.ar.2571;184.107.43.74.http:;[S],;891455149:891455269,;Vide;512,;Vide;120:
11:42:06.683077;190-0-175-100.gba.solunet.com.ar.2572;184.107.43.74.http:;[S],;378465819:378465939,;Vide;512,;Vide;120:
11:42:06.683096;190-0-175-100.gba.solunet.com.ar.2573;184.107.43.74.http:;[S],;1060801994:1060802114,;Vide;512,;Vide;120:
11:42:06.683115;190-0-175-100.gba.solunet.com.ar.2574;184.107.43.74.http:;[S],;887047860:887047980,;Vide;512,;Vide;120:
11:42:06.683131;190-0-175-100.gba.solunet.com.ar.2575;184.107.43.74.http:;[S],;1083782921:1083783041,;Vide;512,;Vide;120:
11:42:06.683148;190-0-175-100.gba.solunet.com.ar.2576;184.107.43.74.http:;[S],;1055260995:1055261115,;Vide;512,;Vide;120:
11:42:06.683164;190-0-175-100.gba.solunet.com.ar.2577;184.107.43.74.http:;[S],;1170111755:1170111875,;Vide;512,;Vide;120:
11:42:06.683181;190-0-175-100.gba.solunet.com.ar.2578;184.107.43.74.http:;[S],;1956050927:1956051047,;Vide;512,;Vide;120:
11:42:06.683197;190-0-175-100.gba.solunet.com.ar.2579;184.107.43.74.http:;[S],;1016109235:1016109355,;Vide;512,;Vide;120:
11:42:06.683214;190-0-175-100.gba.solunet.com.ar.2580;184.107.43.74.http:;[S],;1684776979:1684777099,;Vide;512,;Vide;120:
11:42:06.683230;190-0-175-100.gba.solunet.com.ar.2581;184.107.43.74.http:;[S],;503501716:503501836,;Vide;512,;Vide;120:
11:42:06.683246;190-0-175-100.gba.solunet.com.ar.2582;184.107.43.74.http:;[S],;1864451598:1864451718,;Vide;512,;Vide;120:
11:42:06.683262;190-0-175-100.gba.solunet.com.ar.mon;184.107.43.74.http:;[S],;289557681:289557801,;Vide;512,;Vide;120:
11:42:06.683279;190-0-175-100.gba.solunet.com.ar.2584;184.107.43.74.http:;[S],;138098778:138098898,;Vide;512,;Vide;120:
11:42:06.683295;190-0-175-100.gba.solunet.com.ar.2585;184.107.43.74.http:;[S],;1203053650:1203053770,;Vide;512,;Vide;120:
11:42:06.683311;190-0-175-100.gba.solunet.com.ar.2586;184.107.43.74.http:;[S],;2045943531:2045943651,;Vide;512,;Vide;120:
11:42:06.683328;190-0-175-100.gba.solunet.com.ar.2587;184.107.43.74.http:;[S],;155613128:155613248,;Vide;512,;Vide;120:
11:42:06.683344;190-0-175-100.gba.solunet.com.ar.2588;184.107.43.74.http:;[S],;1854989337:1854989457,;Vide;512,;Vide;120:
11:42:06.683360;190-0-175-100.gba.solunet.com.ar.2589;184.107.43.74.http:;[S],;1464992055:1464992175,;Vide;512,;Vide;120:
11:42:06.683376;190-0-175-100.gba.solunet.com.ar.2590;184.107.43.74.http:;[S],;1763007414:1763007534,;Vide;512,;Vide;120:
11:42:06.683393;190-0-175-100.gba.solunet.com.ar.2591;184.107.43.74.http:;[S],;1769477762:1769477882,;Vide;512,;Vide;120:
11:42:06.683409;190-0-175-100.gba.solunet.com.ar.2592;184.107.43.74.http:;[S],;927510383:927510503,;Vide;512,;Vide;120:
11:42:06.683426;190-0-175-100.gba.solunet.com.ar.2593;184.107.43.74.http:;[S],;262496618:262496738,;Vide;512,;Vide;120:
11:42:06.683442;190-0-175-100.gba.solunet.com.ar.2594;184.107.43.74.http:;[S],;1944187333:1944187453,;Vide;512,;Vide;120:
11:42:06.683458;190-0-175-100.gba.solunet.com.ar.2595;184.107.43.74.http:;[S],;1368242046:1368242166,;Vide;512,;Vide;120:
11:42:06.683475;190-0-175-100.gba.solunet.com.ar.2596;184.107.43.74.http:;[S],;1996469549:1996469669,;Vide;512,;Vide;120:
11:42:06.683491;190-0-175-100.gba.solunet.com.ar.2597;184.107.43.74.http:;[S],;755440943:755441063,;Vide;512,;Vide;120:
11:42:06.683507;190-0-175-100.gba.solunet.com.ar.2598;184.107.43.74.http:;[S],;2061395892:2061396012,;Vide;512,;Vide;120:
11:42:06.683524;190-0-175-100.gba.solunet.com.ar.2599;184.107.43.74.http:;[S],;1161699354:1161699474,;Vide;512,;Vide;120:
11:42:06.683540;190-0-175-100.gba.solunet.com.ar.zebrasrv;184.107.43.74.http:;[S],;628612553:628612673,;Vide;512,;Vide;120:
11:42:06.683557;190-0-175-100.gba.solunet.com.ar.zebra;184.107.43.74.http:;[S],;126113657:126113777,;Vide;512,;Vide;120:
11:42:06.683573;190-0-175-100.gba.solunet.com.ar.ripd;184.107.43.74.http:;[S],;545657814:545657934,;Vide;512,;Vide;120:
11:42:06.683589;190-0-175-100.gba.solunet.com.ar.ripngd;184.107.43.74.http:;[S],;118227196:118227316,;Vide;512,;Vide;120:
11:42:06.683606;190-0-175-100.gba.solunet.com.ar.ospfd;184.107.43.74.http:;[S],;2052107445:2052107565,;Vide;512,;Vide;120:
11:42:06.683622;190-0-175-100.gba.solunet.com.ar.bgpd;184.107.43.74.http:;[S],;791895479:791895599,;Vide;512,;Vide;120:
11:42:06.683638;190-0-175-100.gba.solunet.com.ar.ospf6d;184.107.43.74.http:;[S],;1716341514:1716341634,;Vide;512,;Vide;120:
11:42:06.683655;190-0-175-100.gba.solunet.com.ar.ospfapi;184.107.43.74.http:;[S],;1585739250:1585739370,;Vide;512,;Vide;120:
11:42:06.683671;190-0-175-100.gba.solunet.com.ar.isisd;184.107.43.74.http:;[S],;1570200442:1570200562,;Vide;512,;Vide;120:
11:42:06.683687;190-0-175-100.gba.solunet.com.ar.2609;184.107.43.74.http:;[S],;1478292369:1478292489,;Vide;512,;Vide;120:
11:42:06.683704;190-0-175-100.gba.solunet.com.ar.2610;184.107.43.74.http:;[S],;178640618:178640738,;Vide;512,;Vide;120:
11:42:06.683720;190-0-175-100.gba.solunet.com.ar.2611;184.107.43.74.http:;[S],;1503505816:1503505936,;Vide;512,;Vide;120:
11:42:06.683738;190-0-175-100.gba.solunet.com.ar.2612;184.107.43.74.http:;[S],;1661422384:1661422504,;Vide;512,;Vide;120:
11:42:06.683756;190-0-175-100.gba.solunet.com.ar.2613;184.107.43.74.http:;[S],;369358272:369358392,;Vide;512,;Vide;120:
11:42:06.683779;190-0-175-100.gba.solunet.com.ar.2614;184.107.43.74.http:;[S],;64354808:64354928,;Vide;512,;Vide;120:
11:42:06.683804;190-0-175-100.gba.solunet.com.ar.2615;184.107.43.74.http:;[S],;884510772:884510892,;Vide;512,;Vide;120:
11:42:06.683824;190-0-175-100.gba.solunet.com.ar.2616;184.107.43.74.http:;[S],;1885396166:1885396286,;Vide;512,;Vide;120:
11:42:06.683841;190-0-175-100.gba.solunet.com.ar.2617;184.107.43.74.http:;[S],;817987225:817987345,;Vide;512,;Vide;120:
11:42:06.683857;190-0-175-100.gba.solunet.com.ar.2618;184.107.43.74.http:;[S],;2132864374:2132864494,;Vide;512,;Vide;120:
11:42:06.683874;190-0-175-100.gba.solunet.com.ar.2619;184.107.43.74.http:;[S],;1242566005:1242566125,;Vide;512,;Vide;120:
11:42:06.683890;190-0-175-100.gba.solunet.com.ar.2620;184.107.43.74.http:;[S],;1759567823:1759567943,;Vide;512,;Vide;120:
11:42:06.683907;190-0-175-100.gba.solunet.com.ar.2621;184.107.43.74.http:;[S],;1151909946:1151910066,;Vide;512,;Vide;120:
11:42:06.683924;190-0-175-100.gba.solunet.com.ar.2622;184.107.43.74.http:;[S],;1189070135:1189070255,;Vide;512,;Vide;120:
11:42:06.683951;190-0-175-100.gba.solunet.com.ar.2623;184.107.43.74.http:;[S],;651075127:651075247,;Vide;512,;Vide;120:
11:42:06.683970;190-0-175-100.gba.solunet.com.ar.2624;184.107.43.74.http:;[S],;1947905188:1947905308,;Vide;512,;Vide;120:
11:42:06.683990;190-0-175-100.gba.solunet.com.ar.2625;184.107.43.74.http:;[S],;581296706:581296826,;Vide;512,;Vide;120:
11:42:06.684009;190-0-175-100.gba.solunet.com.ar.2626;184.107.43.74.http:;[S],;66975375:66975495,;Vide;512,;Vide;120:
11:42:06.684029;190-0-175-100.gba.solunet.com.ar.2627;184.107.43.74.http:;[S],;253927097:253927217,;Vide;512,;Vide;120:
11:42:06.684048;190-0-175-100.gba.solunet.com.ar.dict;184.107.43.74.http:;[S],;1897592815:1897592935,;Vide;512,;Vide;120:
11:42:06.684064;190-0-175-100.gba.solunet.com.ar.2629;184.107.43.74.http:;[S],;616917477:616917597,;Vide;512,;Vide;120:
11:42:06.684080;190-0-175-100.gba.solunet.com.ar.2630;184.107.43.74.http:;[S],;1868567734:1868567854,;Vide;512,;Vide;120:
11:42:06.684097;190-0-175-100.gba.solunet.com.ar.2631;184.107.43.74.http:;[S],;1986188842:1986188962,;Vide;512,;Vide;120:
11:42:06.684113;190-0-175-100.gba.solunet.com.ar.2632;184.107.43.74.http:;[S],;1095894460:1095894580,;Vide;512,;Vide;120:
11:42:06.684129;190-0-175-100.gba.solunet.com.ar.2633;184.107.43.74.http:;[S],;1890826048:1890826168,;Vide;512,;Vide;120:
11:42:06.684146;190-0-175-100.gba.solunet.com.ar.2634;184.107.43.74.http:;[S],;194243508:194243628,;Vide;512,;Vide;120:
11:42:06.684162;190-0-175-100.gba.solunet.com.ar.2635;184.107.43.74.http:;[S],;205737932:205738052,;Vide;512,;Vide;120:
11:42:06.684178;190-0-175-100.gba.solunet.com.ar.2636;184.107.43.74.http:;[S],;569721151:569721271,;Vide;512,;Vide;120:
11:42:06.684194;190-0-175-100.gba.solunet.com.ar.2637;184.107.43.74.http:;[S],;855051032:855051152,;Vide;512,;Vide;120:
11:42:06.684210;190-0-175-100.gba.solunet.com.ar.2638;184.107.43.74.http:;[S],;499983177:499983297,;Vide;512,;Vide;120:
11:42:06.684227;190-0-175-100.gba.solunet.com.ar.2639;184.107.43.74.http:;[S],;1074718027:1074718147,;Vide;512,;Vide;120:
11:42:06.684243;190-0-175-100.gba.solunet.com.ar.2640;184.107.43.74.http:;[S],;1910064303:1910064423,;Vide;512,;Vide;120:
11:42:06.684260;190-0-175-100.gba.solunet.com.ar.2641;184.107.43.74.http:;[S],;1037178976:1037179096,;Vide;512,;Vide;120:
11:42:06.684276;190-0-175-100.gba.solunet.com.ar.2642;184.107.43.74.http:;[S],;2107051510:2107051630,;Vide;512,;Vide;120:
11:42:06.684292;190-0-175-100.gba.solunet.com.ar.2643;184.107.43.74.http:;[S],;338653346:338653466,;Vide;512,;Vide;120:
11:42:06.684309;190-0-175-100.gba.solunet.com.ar.2644;184.107.43.74.http:;[S],;396310051:396310171,;Vide;512,;Vide;120:
11:42:06.684325;190-0-175-100.gba.solunet.com.ar.2645;184.107.43.74.http:;[S],;196892786:196892906,;Vide;512,;Vide;120:
11:42:06.684341;190-0-175-100.gba.solunet.com.ar.2646;184.107.43.74.http:;[S],;624912323:624912443,;Vide;512,;Vide;120:
11:42:06.684357;190-0-175-100.gba.solunet.com.ar.2647;184.107.43.74.http:;[S],;1418281182:1418281302,;Vide;512,;Vide;120:
11:42:06.684374;190-0-175-100.gba.solunet.com.ar.2648;184.107.43.74.http:;[S],;1247502939:1247503059,;Vide;512,;Vide;120:
11:42:06.684390;190-0-175-100.gba.solunet.com.ar.2649;184.107.43.74.http:;[S],;97958320:97958440,;Vide;512,;Vide;120:
11:42:06.684406;190-0-175-100.gba.solunet.com.ar.2650;184.107.43.74.http:;[S],;1359696980:1359697100,;Vide;512,;Vide;120:
11:42:06.684423;190-0-175-100.gba.solunet.com.ar.2651;184.107.43.74.http:;[S],;349835797:349835917,;Vide;512,;Vide;120:
11:42:06.684439;190-0-175-100.gba.solunet.com.ar.2652;184.107.43.74.http:;[S],;367768365:367768485,;Vide;512,;Vide;120:
11:42:06.684456;190-0-175-100.gba.solunet.com.ar.2653;184.107.43.74.http:;[S],;455081173:455081293,;Vide;512,;Vide;120:
11:42:06.684472;190-0-175-100.gba.solunet.com.ar.2654;184.107.43.74.http:;[S],;1262849347:1262849467,;Vide;512,;Vide;120:
11:42:06.684488;190-0-175-100.gba.solunet.com.ar.2655;184.107.43.74.http:;[S],;444010779:444010899,;Vide;512,;Vide;120:
11:42:06.684504;190-0-175-100.gba.solunet.com.ar.2656;184.107.43.74.http:;[S],;727345824:727345944,;Vide;512,;Vide;120:
11:42:06.684521;190-0-175-100.gba.solunet.com.ar.2657;184.107.43.74.http:;[S],;32346209:32346329,;Vide;512,;Vide;120:
11:42:06.684537;190-0-175-100.gba.solunet.com.ar.2658;184.107.43.74.http:;[S],;760422680:760422800,;Vide;512,;Vide;120:
11:42:06.684554;190-0-175-100.gba.solunet.com.ar.2659;184.107.43.74.http:;[S],;514200755:514200875,;Vide;512,;Vide;120:
11:42:06.684570;190-0-175-100.gba.solunet.com.ar.2660;184.107.43.74.http:;[S],;2058081561:2058081681,;Vide;512,;Vide;120:
11:42:06.684586;190-0-175-100.gba.solunet.com.ar.2661;184.107.43.74.http:;[S],;818181888:818182008,;Vide;512,;Vide;120:
11:42:06.684603;190-0-175-100.gba.solunet.com.ar.2662;184.107.43.74.http:;[S],;928174225:928174345,;Vide;512,;Vide;120:
11:42:06.684619;190-0-175-100.gba.solunet.com.ar.2663;184.107.43.74.http:;[S],;1336469386:1336469506,;Vide;512,;Vide;120:
11:42:06.684635;190-0-175-100.gba.solunet.com.ar.2664;184.107.43.74.http:;[S],;1786409770:1786409890,;Vide;512,;Vide;120:
11:42:06.684651;190-0-175-100.gba.solunet.com.ar.2665;184.107.43.74.http:;[S],;324755237:324755357,;Vide;512,;Vide;120:
11:42:06.684668;190-0-175-100.gba.solunet.com.ar.2666;184.107.43.74.http:;[S],;1452211016:1452211136,;Vide;512,;Vide;120:
11:42:06.684685;190-0-175-100.gba.solunet.com.ar.2667;184.107.43.74.http:;[S],;1443530962:1443531082,;Vide;512,;Vide;120:
11:42:06.684702;190-0-175-100.gba.solunet.com.ar.2668;184.107.43.74.http:;[S],;1153766108:1153766228,;Vide;512,;Vide;120:
11:42:06.684730;190-0-175-100.gba.solunet.com.ar.2669;184.107.43.74.http:;[S],;1082899630:1082899750,;Vide;512,;Vide;120:
11:42:06.684748;190-0-175-100.gba.solunet.com.ar.2670;184.107.43.74.http:;[S],;158165907:158166027,;Vide;512,;Vide;120:
11:42:06.684765;190-0-175-100.gba.solunet.com.ar.2671;184.107.43.74.http:;[S],;289629244:289629364,;Vide;512,;Vide;120:
11:42:06.684781;190-0-175-100.gba.solunet.com.ar.2672;184.107.43.74.http:;[S],;366984968:366985088,;Vide;512,;Vide;120:
11:42:06.684798;190-0-175-100.gba.solunet.com.ar.2673;184.107.43.74.http:;[S],;349800942:349801062,;Vide;512,;Vide;120:
11:42:06.684814;190-0-175-100.gba.solunet.com.ar.2674;184.107.43.74.http:;[S],;576730512:576730632,;Vide;512,;Vide;120:
11:42:06.684830;190-0-175-100.gba.solunet.com.ar.2675;184.107.43.74.http:;[S],;1444083729:1444083849,;Vide;512,;Vide;120:
11:42:06.684859;190-0-175-100.gba.solunet.com.ar.2676;184.107.43.74.http:;[S],;1001269731:1001269851,;Vide;512,;Vide;120:
11:42:06.684878;190-0-175-100.gba.solunet.com.ar.2677;184.107.43.74.http:;[S],;2020684489:2020684609,;Vide;512,;Vide;120:
11:42:06.684897;190-0-175-100.gba.solunet.com.ar.2678;184.107.43.74.http:;[S],;1625641890:1625642010,;Vide;512,;Vide;120:
11:42:06.684917;190-0-175-100.gba.solunet.com.ar.2679;184.107.43.74.http:;[S],;1063644873:1063644993,;Vide;512,;Vide;120:
11:42:06.684936;190-0-175-100.gba.solunet.com.ar.2680;184.107.43.74.http:;[S],;432651757:432651877,;Vide;512,;Vide;120:
11:42:06.684955;190-0-175-100.gba.solunet.com.ar.2681;184.107.43.74.http:;[S],;1092359524:1092359644,;Vide;512,;Vide;120:
11:42:06.684974;190-0-175-100.gba.solunet.com.ar.2682;184.107.43.74.http:;[S],;1245120321:1245120441,;Vide;512,;Vide;120:
11:42:06.684990;190-0-175-100.gba.solunet.com.ar.2683;184.107.43.74.http:;[S],;1258702515:1258702635,;Vide;512,;Vide;120:
11:42:06.685007;190-0-175-100.gba.solunet.com.ar.2684;184.107.43.74.http:;[S],;1588187279:1588187399,;Vide;512,;Vide;120:
11:42:06.685023;190-0-175-100.gba.solunet.com.ar.2685;184.107.43.74.http:;[S],;1348940311:1348940431,;Vide;512,;Vide;120:
11:42:06.685039;190-0-175-100.gba.solunet.com.ar.2686;184.107.43.74.http:;[S],;984972391:984972511,;Vide;512,;Vide;120:
11:42:06.685056;190-0-175-100.gba.solunet.com.ar.2687;184.107.43.74.http:;[S],;1223629343:1223629463,;Vide;512,;Vide;120:
11:42:06.685072;190-0-175-100.gba.solunet.com.ar.2688;184.107.43.74.http:;[S],;2097257378:2097257498,;Vide;512,;Vide;120:
11:42:06.685088;190-0-175-100.gba.solunet.com.ar.2689;184.107.43.74.http:;[S],;71311878:71311998,;Vide;512,;Vide;120:
11:42:06.685104;190-0-175-100.gba.solunet.com.ar.2690;184.107.43.74.http:;[S],;2102444544:2102444664,;Vide;512,;Vide;120:
11:42:06.685121;190-0-175-100.gba.solunet.com.ar.2691;184.107.43.74.http:;[S],;1658802345:1658802465,;Vide;512,;Vide;120:
11:42:06.685137;190-0-175-100.gba.solunet.com.ar.2692;184.107.43.74.http:;[S],;1706050817:1706050937,;Vide;512,;Vide;120:
11:42:06.685153;190-0-175-100.gba.solunet.com.ar.2693;184.107.43.74.http:;[S],;1024880538:1024880658,;Vide;512,;Vide;120:
11:42:06.685170;190-0-175-100.gba.solunet.com.ar.2694;184.107.43.74.http:;[S],;951760893:951761013,;Vide;512,;Vide;120:
11:42:06.685186;190-0-175-100.gba.solunet.com.ar.2695;184.107.43.74.http:;[S],;1125618004:1125618124,;Vide;512,;Vide;120:
11:42:06.685202;190-0-175-100.gba.solunet.com.ar.2696;184.107.43.74.http:;[S],;1871207110:1871207230,;Vide;512,;Vide;120:
11:42:06.685218;190-0-175-100.gba.solunet.com.ar.2697;184.107.43.74.http:;[S],;345771930:345772050,;Vide;512,;Vide;120:
11:42:06.685235;190-0-175-100.gba.solunet.com.ar.2698;184.107.43.74.http:;[S],;140327075:140327195,;Vide;512,;Vide;120:
11:42:06.685251;190-0-175-100.gba.solunet.com.ar.2699;184.107.43.74.http:;[S],;261155005:261155125,;Vide;512,;Vide;120:
11:42:06.685267;190-0-175-100.gba.solunet.com.ar.2700;184.107.43.74.http:;[S],;1791155350:1791155470,;Vide;512,;Vide;120:
11:42:06.685285;190-0-175-100.gba.solunet.com.ar.2701;184.107.43.74.http:;[S],;593526721:593526841,;Vide;512,;Vide;120:
11:42:06.685301;190-0-175-100.gba.solunet.com.ar.2702;184.107.43.74.http:;[S],;1252865659:1252865779,;Vide;512,;Vide;120:
11:42:06.685318;190-0-175-100.gba.solunet.com.ar.2703;184.107.43.74.http:;[S],;1988673484:1988673604,;Vide;512,;Vide;120:
11:42:06.685335;190-0-175-100.gba.solunet.com.ar.2704;184.107.43.74.http:;[S],;1003267489:1003267609,;Vide;512,;Vide;120:
11:42:06.685352;190-0-175-100.gba.solunet.com.ar.2705;184.107.43.74.http:;[S],;1020861834:1020861954,;Vide;512,;Vide;120:
11:42:06.685369;190-0-175-100.gba.solunet.com.ar.2706;184.107.43.74.http:;[S],;1338056601:1338056721,;Vide;512,;Vide;120:
11:42:06.685385;190-0-175-100.gba.solunet.com.ar.2707;184.107.43.74.http:;[S],;808637873:808637993,;Vide;512,;Vide;120:
11:42:06.685402;190-0-175-100.gba.solunet.com.ar.2708;184.107.43.74.http:;[S],;1453290138:1453290258,;Vide;512,;Vide;120:
11:42:06.685418;190-0-175-100.gba.solunet.com.ar.2709;184.107.43.74.http:;[S],;602687992:602688112,;Vide;512,;Vide;120:
11:42:06.685434;190-0-175-100.gba.solunet.com.ar.2710;184.107.43.74.http:;[S],;1467959956:1467960076,;Vide;512,;Vide;120:
11:42:06.685450;190-0-175-100.gba.solunet.com.ar.2711;184.107.43.74.http:;[S],;186790490:186790610,;Vide;512,;Vide;120:
11:42:06.685467;190-0-175-100.gba.solunet.com.ar.2712;184.107.43.74.http:;[S],;2146506416:2146506536,;Vide;512,;Vide;120:
11:42:06.685483;190-0-175-100.gba.solunet.com.ar.2713;184.107.43.74.http:;[S],;2293462:2293582,;Vide;512,;Vide;120:
11:42:06.685499;190-0-175-100.gba.solunet.com.ar.2714;184.107.43.74.http:;[S],;1455305088:1455305208,;Vide;512,;Vide;120:
11:42:06.685515;190-0-175-100.gba.solunet.com.ar.2715;184.107.43.74.http:;[S],;1651277629:1651277749,;Vide;512,;Vide;120:
11:42:06.685532;190-0-175-100.gba.solunet.com.ar.2716;184.107.43.74.http:;[S],;1939151396:1939151516,;Vide;512,;Vide;120:
11:42:06.685548;190-0-175-100.gba.solunet.com.ar.2717;184.107.43.74.http:;[S],;1156415132:1156415252,;Vide;512,;Vide;120:
11:42:06.685564;190-0-175-100.gba.solunet.com.ar.2718;184.107.43.74.http:;[S],;526698180:526698300,;Vide;512,;Vide;120:
11:42:06.685580;190-0-175-100.gba.solunet.com.ar.2719;184.107.43.74.http:;[S],;2147257919:2147258039,;Vide;512,;Vide;120:
11:42:06.685597;190-0-175-100.gba.solunet.com.ar.2720;184.107.43.74.http:;[S],;1794438931:1794439051,;Vide;512,;Vide;120:
11:42:06.685614;190-0-175-100.gba.solunet.com.ar.2721;184.107.43.74.http:;[S],;1570685761:1570685881,;Vide;512,;Vide;120:
11:42:06.685630;190-0-175-100.gba.solunet.com.ar.2722;184.107.43.74.http:;[S],;987317105:987317225,;Vide;512,;Vide;120:
11:42:06.685647;190-0-175-100.gba.solunet.com.ar.2723;184.107.43.74.http:;[S],;1750383782:1750383902,;Vide;512,;Vide;120:
11:42:06.685663;190-0-175-100.gba.solunet.com.ar.2724;184.107.43.74.http:;[S],;589799034:589799154,;Vide;512,;Vide;120:
11:42:06.685679;190-0-175-100.gba.solunet.com.ar.2725;184.107.43.74.http:;[S],;604807401:604807521,;Vide;512,;Vide;120:
11:42:06.685696;190-0-175-100.gba.solunet.com.ar.2726;184.107.43.74.http:;[S],;773543240:773543360,;Vide;512,;Vide;120:
11:42:06.685712;190-0-175-100.gba.solunet.com.ar.2727;184.107.43.74.http:;[S],;819730013:819730133,;Vide;512,;Vide;120:
11:42:06.685728;190-0-175-100.gba.solunet.com.ar.2728;184.107.43.74.http:;[S],;1089139650:1089139770,;Vide;512,;Vide;120:
11:42:06.685753;190-0-175-100.gba.solunet.com.ar.2729;184.107.43.74.http:;[S],;1722099226:1722099346,;Vide;512,;Vide;120:
11:42:06.685773;190-0-175-100.gba.solunet.com.ar.2730;184.107.43.74.http:;[S],;832280098:832280218,;Vide;512,;Vide;120:
11:42:06.685793;190-0-175-100.gba.solunet.com.ar.2731;184.107.43.74.http:;[S],;210837616:210837736,;Vide;512,;Vide;120:
11:42:06.685812;190-0-175-100.gba.solunet.com.ar.2732;184.107.43.74.http:;[S],;451298501:451298621,;Vide;512,;Vide;120:
11:42:06.685831;190-0-175-100.gba.solunet.com.ar.2733;184.107.43.74.http:;[S],;659044766:659044886,;Vide;512,;Vide;120:
11:42:06.685850;190-0-175-100.gba.solunet.com.ar.2734;184.107.43.74.http:;[S],;675266245:675266365,;Vide;512,;Vide;120:
11:42:06.685869;190-0-175-100.gba.solunet.com.ar.2735;184.107.43.74.http:;[S],;1503230429:1503230549,;Vide;512,;Vide;120:
11:42:06.685888;190-0-175-100.gba.solunet.com.ar.2736;184.107.43.74.http:;[S],;2016315503:2016315623,;Vide;512,;Vide;120:
11:42:06.685904;190-0-175-100.gba.solunet.com.ar.2737;184.107.43.74.http:;[S],;1405094421:1405094541,;Vide;512,;Vide;120:
11:42:06.685920;190-0-175-100.gba.solunet.com.ar.2738;184.107.43.74.http:;[S],;478205056:478205176,;Vide;512,;Vide;120:
11:42:06.685936;190-0-175-100.gba.solunet.com.ar.2739;184.107.43.74.http:;[S],;688937546:688937666,;Vide;512,;Vide;120:
11:42:06.685953;190-0-175-100.gba.solunet.com.ar.2740;184.107.43.74.http:;[S],;492496237:492496357,;Vide;512,;Vide;120:
11:42:06.685969;190-0-175-100.gba.solunet.com.ar.2741;184.107.43.74.http:;[S],;1356841083:1356841203,;Vide;512,;Vide;120:
11:42:06.685985;190-0-175-100.gba.solunet.com.ar.2742;184.107.43.74.http:;[S],;1321278928:1321279048,;Vide;512,;Vide;120:
11:42:06.686001;190-0-175-100.gba.solunet.com.ar.2743;184.107.43.74.http:;[S],;384832540:384832660,;Vide;512,;Vide;120:
11:42:06.686017;190-0-175-100.gba.solunet.com.ar.2744;184.107.43.74.http:;[S],;697279028:697279148,;Vide;512,;Vide;120:
11:42:06.686033;190-0-175-100.gba.solunet.com.ar.2745;184.107.43.74.http:;[S],;1566439832:1566439952,;Vide;512,;Vide;120:
11:42:06.686049;190-0-175-100.gba.solunet.com.ar.2746;184.107.43.74.http:;[S],;348625286:348625406,;Vide;512,;Vide;120:
11:42:06.686065;190-0-175-100.gba.solunet.com.ar.2747;184.107.43.74.http:;[S],;1130470434:1130470554,;Vide;512,;Vide;120:
11:42:06.686081;190-0-175-100.gba.solunet.com.ar.2748;184.107.43.74.http:;[S],;773423111:773423231,;Vide;512,;Vide;120:
11:42:06.686097;190-0-175-100.gba.solunet.com.ar.2749;184.107.43.74.http:;[S],;1951665146:1951665266,;Vide;512,;Vide;120:
11:42:06.686113;190-0-175-100.gba.solunet.com.ar.2750;184.107.43.74.http:;[S],;370003514:370003634,;Vide;512,;Vide;120:
11:42:06.686129;190-0-175-100.gba.solunet.com.ar.2751;184.107.43.74.http:;[S],;2117844444:2117844564,;Vide;512,;Vide;120:
11:42:06.686146;190-0-175-100.gba.solunet.com.ar.2752;184.107.43.74.http:;[S],;175939103:175939223,;Vide;512,;Vide;120:
11:42:06.686162;190-0-175-100.gba.solunet.com.ar.2753;184.107.43.74.http:;[S],;1974055542:1974055662,;Vide;512,;Vide;120:
11:42:06.686178;190-0-175-100.gba.solunet.com.ar.2754;184.107.43.74.http:;[S],;672642951:672643071,;Vide;512,;Vide;120:
11:42:06.686194;190-0-175-100.gba.solunet.com.ar.2755;184.107.43.74.http:;[S],;1156467660:1156467780,;Vide;512,;Vide;120:
11:42:06.686210;190-0-175-100.gba.solunet.com.ar.2756;184.107.43.74.http:;[S],;1882853422:1882853542,;Vide;512,;Vide;120:
11:42:06.686226;190-0-175-100.gba.solunet.com.ar.2757;184.107.43.74.http:;[S],;1477859829:1477859949,;Vide;512,;Vide;120:
11:42:06.686243;190-0-175-100.gba.solunet.com.ar.2758;184.107.43.74.http:;[S],;761216894:761217014,;Vide;512,;Vide;120:
11:42:06.686258;190-0-175-100.gba.solunet.com.ar.2759;184.107.43.74.http:;[S],;822064267:822064387,;Vide;512,;Vide;120:
11:42:06.686275;190-0-175-100.gba.solunet.com.ar.2760;184.107.43.74.http:;[S],;1235017526:1235017646,;Vide;512,;Vide;120:
11:42:06.686291;190-0-175-100.gba.solunet.com.ar.2761;184.107.43.74.http:;[S],;684873121:684873241,;Vide;512,;Vide;120:
11:42:06.686307;190-0-175-100.gba.solunet.com.ar.2762;184.107.43.74.http:;[S],;1529952316:1529952436,;Vide;512,;Vide;120:
11:42:06.686323;190-0-175-100.gba.solunet.com.ar.2763;184.107.43.74.http:;[S],;2074069965:2074070085,;Vide;512,;Vide;120:
11:42:06.686339;190-0-175-100.gba.solunet.com.ar.2764;184.107.43.74.http:;[S],;828787185:828787305,;Vide;512,;Vide;120:
11:42:06.686355;190-0-175-100.gba.solunet.com.ar.2765;184.107.43.74.http:;[S],;616853870:616853990,;Vide;512,;Vide;120:
11:42:06.686372;190-0-175-100.gba.solunet.com.ar.2766;184.107.43.74.http:;[S],;794016801:794016921,;Vide;512,;Vide;120:
11:42:06.686388;190-0-175-100.gba.solunet.com.ar.2767;184.107.43.74.http:;[S],;1229107833:1229107953,;Vide;512,;Vide;120:
11:42:06.686404;190-0-175-100.gba.solunet.com.ar.2768;184.107.43.74.http:;[S],;1179737739:1179737859,;Vide;512,;Vide;120:
11:42:06.686420;190-0-175-100.gba.solunet.com.ar.2769;184.107.43.74.http:;[S],;1124111575:1124111695,;Vide;512,;Vide;120:
11:42:06.686436;190-0-175-100.gba.solunet.com.ar.2770;184.107.43.74.http:;[S],;1751166887:1751167007,;Vide;512,;Vide;120:
11:42:06.686452;190-0-175-100.gba.solunet.com.ar.2771;184.107.43.74.http:;[S],;1405916265:1405916385,;Vide;512,;Vide;120:
11:42:06.686468;190-0-175-100.gba.solunet.com.ar.2772;184.107.43.74.http:;[S],;1445200792:1445200912,;Vide;512,;Vide;120:
11:42:06.686485;190-0-175-100.gba.solunet.com.ar.2773;184.107.43.74.http:;[S],;1042815749:1042815869,;Vide;512,;Vide;120:
11:42:06.686501;190-0-175-100.gba.solunet.com.ar.2774;184.107.43.74.http:;[S],;583593675:583593795,;Vide;512,;Vide;120:
11:42:06.686517;190-0-175-100.gba.solunet.com.ar.2775;184.107.43.74.http:;[S],;764813598:764813718,;Vide;512,;Vide;120:
11:42:06.686534;190-0-175-100.gba.solunet.com.ar.2776;184.107.43.74.http:;[S],;1005431704:1005431824,;Vide;512,;Vide;120:
11:42:06.686550;190-0-175-100.gba.solunet.com.ar.2777;184.107.43.74.http:;[S],;1654073278:1654073398,;Vide;512,;Vide;120:
11:42:06.686566;190-0-175-100.gba.solunet.com.ar.2778;184.107.43.74.http:;[S],;1693725106:1693725226,;Vide;512,;Vide;120:
11:42:06.686582;190-0-175-100.gba.solunet.com.ar.2779;184.107.43.74.http:;[S],;1897810300:1897810420,;Vide;512,;Vide;120:
11:42:06.686599;190-0-175-100.gba.solunet.com.ar.2780;184.107.43.74.http:;[S],;2070510358:2070510478,;Vide;512,;Vide;120:
11:42:06.686615;190-0-175-100.gba.solunet.com.ar.2781;184.107.43.74.http:;[S],;434345145:434345265,;Vide;512,;Vide;120:
11:42:06.686640;190-0-175-100.gba.solunet.com.ar.2782;184.107.43.74.http:;[S],;1254642755:1254642875,;Vide;512,;Vide;120:
11:42:06.686659;190-0-175-100.gba.solunet.com.ar.2783;184.107.43.74.http:;[S],;412374994:412375114,;Vide;512,;Vide;120:
11:42:06.686678;190-0-175-100.gba.solunet.com.ar.2784;184.107.43.74.http:;[S],;2029081053:2029081173,;Vide;512,;Vide;120:
11:42:06.686697;190-0-175-100.gba.solunet.com.ar.2785;184.107.43.74.http:;[S],;334952939:334953059,;Vide;512,;Vide;120:
11:42:06.686716;190-0-175-100.gba.solunet.com.ar.2786;184.107.43.74.http:;[S],;781425610:781425730,;Vide;512,;Vide;120:
11:42:06.686735;190-0-175-100.gba.solunet.com.ar.2787;184.107.43.74.http:;[S],;956385191:956385311,;Vide;512,;Vide;120:
11:42:06.686754;190-0-175-100.gba.solunet.com.ar.2788;184.107.43.74.http:;[S],;190207864:190207984,;Vide;512,;Vide;120:
11:42:06.686773;190-0-175-100.gba.solunet.com.ar.2789;184.107.43.74.http:;[S],;1391594171:1391594291,;Vide;512,;Vide;120:
11:42:06.686792;190-0-175-100.gba.solunet.com.ar.2790;184.107.43.74.http:;[S],;1087641085:1087641205,;Vide;512,;Vide;120:
11:42:06.686808;190-0-175-100.gba.solunet.com.ar.2791;184.107.43.74.http:;[S],;513366131:513366251,;Vide;512,;Vide;120:
11:42:06.686825;190-0-175-100.gba.solunet.com.ar.f5-globalsite;184.107.43.74.http:;[S],;353642431:353642551,;Vide;512,;Vide;120:
11:42:06.686841;190-0-175-100.gba.solunet.com.ar.2793;184.107.43.74.http:;[S],;2138422301:2138422421,;Vide;512,;Vide;120:
11:42:06.686857;190-0-175-100.gba.solunet.com.ar.2794;184.107.43.74.http:;[S],;1499324763:1499324883,;Vide;512,;Vide;120:
11:42:06.686873;190-0-175-100.gba.solunet.com.ar.2795;184.107.43.74.http:;[S],;1412620650:1412620770,;Vide;512,;Vide;120:
11:42:06.686889;190-0-175-100.gba.solunet.com.ar.2796;184.107.43.74.http:;[S],;347680183:347680303,;Vide;512,;Vide;120:
11:42:06.686906;190-0-175-100.gba.solunet.com.ar.2797;184.107.43.74.http:;[S],;1246003811:1246003931,;Vide;512,;Vide;120:
11:42:06.686922;190-0-175-100.gba.solunet.com.ar.2798;184.107.43.74.http:;[S],;1041732072:1041732192,;Vide;512,;Vide;120:
11:42:06.686938;190-0-175-100.gba.solunet.com.ar.2799;184.107.43.74.http:;[S],;914602705:914602825,;Vide;512,;Vide;120:
11:42:06.686954;190-0-175-100.gba.solunet.com.ar.2800;184.107.43.74.http:;[S],;1988727284:1988727404,;Vide;512,;Vide;120:
11:42:06.686970;190-0-175-100.gba.solunet.com.ar.2801;184.107.43.74.http:;[S],;1720305401:1720305521,;Vide;512,;Vide;120:
11:42:06.686986;190-0-175-100.gba.solunet.com.ar.2802;184.107.43.74.http:;[S],;1515253321:1515253441,;Vide;512,;Vide;120:
11:42:06.687002;190-0-175-100.gba.solunet.com.ar.2803;184.107.43.74.http:;[S],;671288190:671288310,;Vide;512,;Vide;120:
11:42:06.687019;190-0-175-100.gba.solunet.com.ar.2804;184.107.43.74.http:;[S],;231225755:231225875,;Vide;512,;Vide;120:
11:42:06.687035;190-0-175-100.gba.solunet.com.ar.2805;184.107.43.74.http:;[S],;778659693:778659813,;Vide;512,;Vide;120:
11:42:06.687051;190-0-175-100.gba.solunet.com.ar.2806;184.107.43.74.http:;[S],;930919953:930920073,;Vide;512,;Vide;120:
11:42:06.687067;190-0-175-100.gba.solunet.com.ar.2807;184.107.43.74.http:;[S],;1693438239:1693438359,;Vide;512,;Vide;120:
11:42:06.687083;190-0-175-100.gba.solunet.com.ar.2808;184.107.43.74.http:;[S],;425320534:425320654,;Vide;512,;Vide;120:
11:42:06.687099;190-0-175-100.gba.solunet.com.ar.2809;184.107.43.74.http:;[S],;967775592:967775712,;Vide;512,;Vide;120:
11:42:06.687116;190-0-175-100.gba.solunet.com.ar.2810;184.107.43.74.http:;[S],;923646418:923646538,;Vide;512,;Vide;120:
11:42:06.687132;190-0-175-100.gba.solunet.com.ar.gsiftp;184.107.43.74.http:;[S],;215959721:215959841,;Vide;512,;Vide;120:
11:42:06.687148;190-0-175-100.gba.solunet.com.ar.2812;184.107.43.74.http:;[S],;1426544295:1426544415,;Vide;512,;Vide;120:
11:42:06.687164;190-0-175-100.gba.solunet.com.ar.2813;184.107.43.74.http:;[S],;1515075599:1515075719,;Vide;512,;Vide;120:
11:42:06.687180;190-0-175-100.gba.solunet.com.ar.2814;184.107.43.74.http:;[S],;893928627:893928747,;Vide;512,;Vide;120:
11:42:06.687196;190-0-175-100.gba.solunet.com.ar.2815;184.107.43.74.http:;[S],;1592184432:1592184552,;Vide;512,;Vide;120:
11:42:06.687212;190-0-175-100.gba.solunet.com.ar.2816;184.107.43.74.http:;[S],;1797312305:1797312425,;Vide;512,;Vide;120:
11:42:06.687228;190-0-175-100.gba.solunet.com.ar.2817;184.107.43.74.http:;[S],;143254209:143254329,;Vide;512,;Vide;120:
11:42:06.687244;190-0-175-100.gba.solunet.com.ar.2818;184.107.43.74.http:;[S],;1881362631:1881362751,;Vide;512,;Vide;120:
11:42:06.687260;190-0-175-100.gba.solunet.com.ar.2819;184.107.43.74.http:;[S],;759394490:759394610,;Vide;512,;Vide;120:
11:42:06.687277;190-0-175-100.gba.solunet.com.ar.2820;184.107.43.74.http:;[S],;316427606:316427726,;Vide;512,;Vide;120:
11:42:06.687293;190-0-175-100.gba.solunet.com.ar.2821;184.107.43.74.http:;[S],;1640103064:1640103184,;Vide;512,;Vide;120:
11:42:06.687309;190-0-175-100.gba.solunet.com.ar.2822;184.107.43.74.http:;[S],;948819699:948819819,;Vide;512,;Vide;120:
11:42:06.687325;190-0-175-100.gba.solunet.com.ar.2823;184.107.43.74.http:;[S],;743703590:743703710,;Vide;512,;Vide;120:
11:42:06.687341;190-0-175-100.gba.solunet.com.ar.2824;184.107.43.74.http:;[S],;1015693390:1015693510,;Vide;512,;Vide;120:
11:42:06.687357;190-0-175-100.gba.solunet.com.ar.2825;184.107.43.74.http:;[S],;1116630216:1116630336,;Vide;512,;Vide;120:
11:42:06.687373;190-0-175-100.gba.solunet.com.ar.2826;184.107.43.74.http:;[S],;311651068:311651188,;Vide;512,;Vide;120:
11:42:06.687389;190-0-175-100.gba.solunet.com.ar.2827;184.107.43.74.http:;[S],;1095919779:1095919899,;Vide;512,;Vide;120:
11:42:06.687406;190-0-175-100.gba.solunet.com.ar.2828;184.107.43.74.http:;[S],;420472863:420472983,;Vide;512,;Vide;120:
11:42:06.687422;190-0-175-100.gba.solunet.com.ar.2829;184.107.43.74.http:;[S],;1474526041:1474526161,;Vide;512,;Vide;120:
11:42:06.687438;190-0-175-100.gba.solunet.com.ar.2830;184.107.43.74.http:;[S],;877714722:877714842,;Vide;512,;Vide;120:
11:42:06.687454;190-0-175-100.gba.solunet.com.ar.2831;184.107.43.74.http:;[S],;618766190:618766310,;Vide;512,;Vide;120:
11:42:06.687471;190-0-175-100.gba.solunet.com.ar.2832;184.107.43.74.http:;[S],;270502198:270502318,;Vide;512,;Vide;120:
11:42:06.687487;190-0-175-100.gba.solunet.com.ar.2833;184.107.43.74.http:;[S],;1348176067:1348176187,;Vide;512,;Vide;120:
11:42:06.687504;190-0-175-100.gba.solunet.com.ar.2834;184.107.43.74.http:;[S],;228108692:228108812,;Vide;512,;Vide;120:
11:42:06.687529;190-0-175-100.gba.solunet.com.ar.2835;184.107.43.74.http:;[S],;1436493124:1436493244,;Vide;512,;Vide;120:
11:42:06.687548;190-0-175-100.gba.solunet.com.ar.2836;184.107.43.74.http:;[S],;1457021760:1457021880,;Vide;512,;Vide;120:
11:42:06.687567;190-0-175-100.gba.solunet.com.ar.2837;184.107.43.74.http:;[S],;1220614553:1220614673,;Vide;512,;Vide;120:
11:42:06.687586;190-0-175-100.gba.solunet.com.ar.2838;184.107.43.74.http:;[S],;273226095:273226215,;Vide;512,;Vide;120:
11:42:06.687605;190-0-175-100.gba.solunet.com.ar.2839;184.107.43.74.http:;[S],;1187660567:1187660687,;Vide;512,;Vide;120:
11:42:06.687624;190-0-175-100.gba.solunet.com.ar.2840;184.107.43.74.http:;[S],;636726267:636726387,;Vide;512,;Vide;120:
11:42:06.687643;190-0-175-100.gba.solunet.com.ar.2841;184.107.43.74.http:;[S],;1691553261:1691553381,;Vide;512,;Vide;120:
11:42:06.687662;190-0-175-100.gba.solunet.com.ar.2842;184.107.43.74.http:;[S],;273133973:273134093,;Vide;512,;Vide;120:
11:42:06.687681;190-0-175-100.gba.solunet.com.ar.2843;184.107.43.74.http:;[S],;2102979994:2102980114,;Vide;512,;Vide;120:
11:42:06.687700;190-0-175-100.gba.solunet.com.ar.2844;184.107.43.74.http:;[S],;106232332:106232452,;Vide;512,;Vide;120:
11:42:06.687716;190-0-175-100.gba.solunet.com.ar.2845;184.107.43.74.http:;[S],;1619270558:1619270678,;Vide;512,;Vide;120:
11:42:06.687733;190-0-175-100.gba.solunet.com.ar.2846;184.107.43.74.http:;[S],;1791828159:1791828279,;Vide;512,;Vide;120:
11:42:06.687749;190-0-175-100.gba.solunet.com.ar.2847;184.107.43.74.http:;[S],;273733793:273733913,;Vide;512,;Vide;120:
11:42:06.687765;190-0-175-100.gba.solunet.com.ar.2848;184.107.43.74.http:;[S],;1503208965:1503209085,;Vide;512,;Vide;120:
11:42:06.687781;190-0-175-100.gba.solunet.com.ar.2849;184.107.43.74.http:;[S],;919165363:919165483,;Vide;512,;Vide;120:
11:42:06.687797;190-0-175-100.gba.solunet.com.ar.2850;184.107.43.74.http:;[S],;1428481125:1428481245,;Vide;512,;Vide;120:
11:42:06.687813;190-0-175-100.gba.solunet.com.ar.2851;184.107.43.74.http:;[S],;1200100208:1200100328,;Vide;512,;Vide;120:
11:42:06.687830;190-0-175-100.gba.solunet.com.ar.2852;184.107.43.74.http:;[S],;1874125676:1874125796,;Vide;512,;Vide;120:
11:42:06.687846;190-0-175-100.gba.solunet.com.ar.2853;184.107.43.74.http:;[S],;104409933:104410053,;Vide;512,;Vide;120:
11:42:06.687862;190-0-175-100.gba.solunet.com.ar.2854;184.107.43.74.http:;[S],;929623865:929623985,;Vide;512,;Vide;120:
11:42:06.687878;190-0-175-100.gba.solunet.com.ar.2855;184.107.43.74.http:;[S],;1070493565:1070493685,;Vide;512,;Vide;120:
11:42:06.687894;190-0-175-100.gba.solunet.com.ar.2856;184.107.43.74.http:;[S],;1643649251:1643649371,;Vide;512,;Vide;120:
11:42:06.687911;190-0-175-100.gba.solunet.com.ar.2857;184.107.43.74.http:;[S],;813258342:813258462,;Vide;512,;Vide;120:
11:42:06.687927;190-0-175-100.gba.solunet.com.ar.2858;184.107.43.74.http:;[S],;1822724265:1822724385,;Vide;512,;Vide;120:
11:42:06.687943;190-0-175-100.gba.solunet.com.ar.2859;184.107.43.74.http:;[S],;797552588:797552708,;Vide;512,;Vide;120:
11:42:06.687959;190-0-175-100.gba.solunet.com.ar.2860;184.107.43.74.http:;[S],;1359753000:1359753120,;Vide;512,;Vide;120:
11:42:06.687976;190-0-175-100.gba.solunet.com.ar.2861;184.107.43.74.http:;[S],;92072926:92073046,;Vide;512,;Vide;120:
11:42:06.687992;190-0-175-100.gba.solunet.com.ar.2862;184.107.43.74.http:;[S],;1908245852:1908245972,;Vide;512,;Vide;120:
11:42:06.688008;190-0-175-100.gba.solunet.com.ar.2863;184.107.43.74.http:;[S],;636323033:636323153,;Vide;512,;Vide;120:
11:42:06.688024;190-0-175-100.gba.solunet.com.ar.2864;184.107.43.74.http:;[S],;1919447832:1919447952,;Vide;512,;Vide;120:
11:42:06.688040;190-0-175-100.gba.solunet.com.ar.2865;184.107.43.74.http:;[S],;1690761646:1690761766,;Vide;512,;Vide;120:
11:42:06.688057;190-0-175-100.gba.solunet.com.ar.2866;184.107.43.74.http:;[S],;1386757598:1386757718,;Vide;512,;Vide;120:
11:42:06.688073;190-0-175-100.gba.solunet.com.ar.2867;184.107.43.74.http:;[S],;316973802:316973922,;Vide;512,;Vide;120:
11:42:06.688089;190-0-175-100.gba.solunet.com.ar.2868;184.107.43.74.http:;[S],;1849508459:1849508579,;Vide;512,;Vide;120:
11:42:06.688105;190-0-175-100.gba.solunet.com.ar.2869;184.107.43.74.http:;[S],;1962620368:1962620488,;Vide;512,;Vide;120:
11:42:06.688121;190-0-175-100.gba.solunet.com.ar.2870;184.107.43.74.http:;[S],;1843970097:1843970217,;Vide;512,;Vide;120:
11:42:06.688138;190-0-175-100.gba.solunet.com.ar.2871;184.107.43.74.http:;[S],;2130283912:2130284032,;Vide;512,;Vide;120:
11:42:06.688154;190-0-175-100.gba.solunet.com.ar.2872;184.107.43.74.http:;[S],;218147780:218147900,;Vide;512,;Vide;120:
11:42:06.688170;190-0-175-100.gba.solunet.com.ar.2873;184.107.43.74.http:;[S],;675662968:675663088,;Vide;512,;Vide;120:
11:42:06.688186;190-0-175-100.gba.solunet.com.ar.2874;184.107.43.74.http:;[S],;1310842176:1310842296,;Vide;512,;Vide;120:
11:42:06.688202;190-0-175-100.gba.solunet.com.ar.2875;184.107.43.74.http:;[S],;82434088:82434208,;Vide;512,;Vide;120:
11:42:06.688218;190-0-175-100.gba.solunet.com.ar.2876;184.107.43.74.http:;[S],;757192910:757193030,;Vide;512,;Vide;120:
11:42:06.688234;190-0-175-100.gba.solunet.com.ar.2877;184.107.43.74.http:;[S],;831979505:831979625,;Vide;512,;Vide;120:
11:42:06.688251;190-0-175-100.gba.solunet.com.ar.2878;184.107.43.74.http:;[S],;580527666:580527786,;Vide;512,;Vide;120:
11:42:06.688267;190-0-175-100.gba.solunet.com.ar.2879;184.107.43.74.http:;[S],;1506046359:1506046479,;Vide;512,;Vide;120:
11:42:06.688283;190-0-175-100.gba.solunet.com.ar.2880;184.107.43.74.http:;[S],;232733650:232733770,;Vide;512,;Vide;120:
11:42:06.688299;190-0-175-100.gba.solunet.com.ar.2881;184.107.43.74.http:;[S],;336554314:336554434,;Vide;512,;Vide;120:
11:42:06.688316;190-0-175-100.gba.solunet.com.ar.2882;184.107.43.74.http:;[S],;870124909:870125029,;Vide;512,;Vide;120:
11:42:06.688332;190-0-175-100.gba.solunet.com.ar.2883;184.107.43.74.http:;[S],;1560087465:1560087585,;Vide;512,;Vide;120:
11:42:06.688348;190-0-175-100.gba.solunet.com.ar.2884;184.107.43.74.http:;[S],;363368267:363368387,;Vide;512,;Vide;120:
